<?xml version="1.0" encoding="UTF-8"?>
<archive xmlns="http://rs.tdwg.org/dwc/text/" xmlns:xsi="http://www.w3.org/2001/XMLSchema-instance" xmlns:xs="http://www.w3.org/2001/XMLSchema" xsi:schemaLocation="http://rs.tdwg.org/dwc/text/ http://rs.tdwg.org/dwc/text/tdwg_dwc_text.xsd" metadata="eml.xml">
  <core rowType="http://rs.tdwg.org/dwc/terms/Event" fieldsTerminatedBy="\t" linesTerminatedBy="\n" fieldsEnclosedBy="&quot;" encoding="UTF-8" ignoreHeaderLines="1">
    <files>
      <location>Event.txt</location>
    </files>
    <id index="0"/>
    <field index="1" term="http://purl.org/dc/terms/type"/>
    <field index="2" term="http://purl.org/dc/terms/modified"/>
    <field index="3" term="http://rs.tdwg.org/dwc/terms/datasetName"/>
    <field index="4" term="http://rs.tdwg.org/dwc/terms/ownerInstitutionCode"/>
    <field index="5" term="http://rs.tdwg.org/dwc/terms/informationWithheld"/>
    <field index="6" term="http://rs.tdwg.org/dwc/terms/dataGeneralizations"/>
    <field index="7" term="http://rs.tdwg.org/dwc/terms/eventID"/>
    <field index="8" term="http://rs.tdwg.org/dwc/terms/samplingProtocol"/>
    <field index="9" term="http://rs.tdwg.org/dwc/terms/sampleSizeValue"/>
    <field index="10" term="http://rs.tdwg.org/dwc/terms/sampleSizeUnit"/>
    <field index="11" term="http://rs.tdwg.org/dwc/terms/samplingEffort"/>
    <field index="12" term="http://rs.tdwg.org/dwc/terms/eventDate"/>
    <field index="13" term="http://rs.tdwg.org/dwc/terms/eventTime"/>
    <field index="14" term="http://rs.tdwg.org/dwc/terms/year"/>
    <field index="15" term="http://rs.tdwg.org/dwc/terms/month"/>
    <field index="16" term="http://rs.tdwg.org/dwc/terms/day"/>
    <field index="17" term="http://rs.tdwg.org/dwc/terms/locationID"/>
    <field index="18" term="http://rs.tdwg.org/dwc/terms/country"/>
    <field index="19" term="http://rs.tdwg.org/dwc/terms/countryCode"/>
    <field index="20" term="http://rs.tdwg.org/dwc/terms/stateProvince"/>
    <field index="21" term="http://rs.tdwg.org/dwc/terms/municipality"/>
    <field index="22" term="http://rs.tdwg.org/dwc/terms/locality"/>
    <field index="23" term="http://rs.tdwg.org/dwc/terms/minimumElevationInMeters"/>
    <field index="24" term="http://rs.tdwg.org/dwc/terms/maximumElevationInMeters"/>
    <field index="25" term="http://rs.tdwg.org/dwc/terms/decimalLatitude"/>
    <field index="26" term="http://rs.tdwg.org/dwc/terms/decimalLongitude"/>
    <field index="27" term="http://rs.tdwg.org/dwc/terms/geodeticDatum"/>
    <field index="28" term="http://rs.tdwg.org/dwc/terms/coordinateUncertaintyInMeters"/>
  </core>
  <extension rowType="http://rs.tdwg.org/dwc/terms/Occurrence" fieldsTerminatedBy="\t" linesTerminatedBy="\n" fieldsEnclosedBy="&quot;" encoding="UTF-8" ignoreHeaderLines="1">
    <files>
      <location>Occurrence.txt</location>
    </files>
    <coreid index="0"/>
    <field index="1" term="http://purl.org/dc/terms/type"/>
    <field index="2" term="http://purl.org/dc/terms/modified"/>
    <field index="3" term="http://rs.tdwg.org/dwc/terms/collectionCode"/>
    <field index="4" term="http://rs.tdwg.org/dwc/terms/basisOfRecord"/>
    <field index="5" term="http://rs.tdwg.org/dwc/terms/occurrenceID"/>
    <field index="6" term="http://rs.tdwg.org/dwc/terms/catalogNumber"/>
    <field index="7" term="http://rs.tdwg.org/dwc/terms/occurrenceRemarks"/>
    <field index="8" term="http://rs.tdwg.org/dwc/terms/organismQuantity"/>
    <field index="9" term="http://rs.tdwg.org/dwc/terms/organismQuantityType"/>
    <field index="10" term="http://rs.tdwg.org/dwc/terms/occurrenceStatus"/>
    <field index="11" term="http://rs.tdwg.org/dwc/terms/eventID"/>
    <field index="12" term="http://rs.tdwg.org/dwc/terms/scientificName"/>
    <field index="13" term="http://rs.tdwg.org/dwc/terms/kingdom"/>
    <field index="14" term="http://rs.tdwg.org/dwc/terms/phylum"/>
    <field index="15" term="http://rs.tdwg.org/dwc/terms/class"/>
    <field index="16" term="http://rs.tdwg.org/dwc/terms/order"/>
    <field index="17" term="http://rs.tdwg.org/dwc/terms/family"/>
    <field index="18" term="http://rs.tdwg.org/dwc/terms/genus"/>
    <field index="19" term="http://rs.tdwg.org/dwc/terms/specificEpithet"/>
    <field index="20" term="http://rs.tdwg.org/dwc/terms/vernacularName"/>
  </extension>
</archive>
